StockCode,StockName,YahooFinanceSymbol
1101,台泥,1101.TW
1102,亞泥,1102.TW
1103,嘉泥,1103.TW
1104,環泥,1104.TW
1108,幸福,1108.TW
1109,信大,1109.TW
1110,東泥,1110.TW
1201,味全,1201.TW
1203,味王,1203.TW
1210,大成,1210.TW
1213,大飲,1213.TW
1215,卜蜂,1215.TW
1216,統一,1216.TW
1217,愛之味,1217.TW
1218,泰山,1218.TW
1219,福壽,1219.TW
1220,台榮,1220.TW
1225,福懋油,1225.TW
1227,佳格,1227.TW
1229,聯華,1229.TW
1231,聯華食,1231.TW
1232,大統益,1232.TW
1233,天仁,1233.TW
1234,黑松,1234.TW
1235,興泰,1235.TW
1236,宏亞,1236.TW
1256,鮮活果汁-KY,1256.TW
1301,台塑,1301.TW
1303,南亞,1303.TW
1304,台聚,1304.TW
1305,華夏,1305.TW
1307,三芳,1307.TW
1308,亞聚,1308.TW
1309,台達化,1309.TW
1310,台苯,1310.TW
1312,國喬,1312.TW
1313,聯成,1313.TW
1314,中石化,1314.TW
1315,達新,1315.TW
1316,上曜,1316.TW
1319,東陽,1319.TW
1321,大洋,1321.TW
1323,永裕,1323.TW
1324,地球,1324.TW
1325,恆大,1325.TW
1326,台化,1326.TW
1337,再生-KY,1337.TW
1338,廣華-KY,1338.TW
1339,昭輝,1339.TW
1340,勝悅-KY,1340.TW
1341,富林-KY,1341.TW
1342,八貫,1342.TW
1402,遠東新,1402.TW
1409,新纖,1409.TW
1410,南染,1410.TW
1413,宏洲,1413.TW
1414,東和,1414.TW
1416,廣豐,1416.TW
1417,嘉裕,1417.TW
1418,東華,1418.TW
1419,新紡,1419.TW
1423,利華,1423.TW
1432,大魯閣,1432.TW
1434,福懋,1434.TW
1435,中福,1435.TW
1436,華友聯,1436.TW
1437,勤益控,1437.TW
1438,三地開發,1438.TW
1439,雋揚,1439.TW
1440,南紡,1440.TW
1441,大東,1441.TW
1442,名軒,1442.TW
1443,立益物流,1443.TW
1444,力麗,1444.TW
1445,大宇,1445.TW
1446,宏和,1446.TW
1447,力鵬,1447.TW
1449,佳和,1449.TW
1451,年興,1451.TW
1452,宏益,1452.TW
1453,大將,1453.TW
1454,台富,1454.TW
1455,集盛,1455.TW
1456,怡華,1456.TW
1457,宜進,1457.TW
1459,聯發,1459.TW
1460,宏遠,1460.TW
1463,強盛新,1463.TW
1464,得力,1464.TW
1465,偉全,1465.TW
1466,聚隆,1466.TW
1467,南緯,1467.TW
1468,昶和,1468.TW
1470,大統新創,1470.TW
1471,首利,1471.TW
1472,三洋實業,1472.TW
1473,台南,1473.TW
1474,弘裕,1474.TW
1475,業旺,1475.TW
1476,儒鴻,1476.TW
1477,聚陽,1477.TW
1503,士電,1503.TW
1504,東元,1504.TW
1506,正道,1506.TW
1512,瑞利,1512.TW
1513,中興電,1513.TW
1514,亞力,1514.TW
1515,力山,1515.TW
1516,川飛,1516.TW
1517,利奇,1517.TW
1519,華城,1519.TW
1521,大億,1521.TW
1522,堤維西,1522.TW
1524,耿鼎,1524.TW
1525,江申,1525.TW
1526,日馳,1526.TW
1527,鑽全,1527.TW
1528,恩德,1528.TW
1529,樂事綠能,1529.TW
1530,亞崴,1530.TW
1531,高林股,1531.TW
1532,勤美,1532.TW
1533,車王電,1533.TW
1535,中宇,1535.TW
1536,和大,1536.TW
1537,廣隆,1537.TW
1538,正峰,1538.TW
1539,巨庭,1539.TW
1540,喬福,1540.TW
1541,錩泰,1541.TW
1558,伸興,1558.TW
1560,中砂,1560.TW
1563,巧新,1563.TW
1568,倉佑,1568.TW
1582,信錦,1582.TW
1583,程泰,1583.TW
1587,吉茂,1587.TW
1589,永冠-KY,1589.TW
1590,亞德客-KY,1590.TW
1597,直得,1597.TW
1598,岱宇,1598.TW
1603,華電,1603.TW
1604,聲寶,1604.TW
1605,華新,1605.TW
1608,華榮,1608.TW
1609,大亞,1609.TW
1611,中電,1611.TW
1612,宏泰,1612.TW
1614,三洋電,1614.TW
1615,大山,1615.TW
1616,億泰,1616.TW
1617,榮星,1617.TW
1618,合機,1618.TW
1626,艾美特-KY,1626.TW
1702,南僑,1702.TW
1707,葡萄王,1707.TW
1708,東鹼,1708.TW
1709,和益,1709.TW
1710,東聯,1710.TW
1711,永光,1711.TW
1712,興農,1712.TW
1713,國化,1713.TW
1714,和桐,1714.TW
1717,長興,1717.TW
1718,中纖,1718.TW
1720,生達,1720.TW
1721,三晃,1721.TW
1722,台肥,1722.TW
1723,中碳,1723.TW
1725,元禎,1725.TW
1726,永記,1726.TW
1727,中華化,1727.TW
1730,花仙子,1730.TW
1731,美吾華,1731.TW
1732,毛寶,1732.TW
1733,五鼎,1733.TW
1734,杏輝,1734.TW
1735,日勝化,1735.TW
1736,喬山,1736.TW
1737,臺鹽,1737.TW
1752,南光,1752.TW
1760,寶齡富錦,1760.TW
1762,中化生,1762.TW
1773,勝一,1773.TW
1776,展宇,1776.TW
1783,和康生,1783.TW
1786,科妍,1786.TW
1789,神隆,1789.TW
1795,美時,1795.TW
1802,台玻,1802.TW
1805,寶徠,1805.TW
1806,冠軍,1806.TW
1808,潤隆,1808.TW
1809,中釉,1809.TW
1810,和成,1810.TW
1817,凱撒衛,1817.TW
1903,士紙,1903.TW
1904,正隆,1904.TW
1905,華紙,1905.TW
1906,寶隆,1906.TW
1907,永豐餘,1907.TW
1909,榮成,1909.TW
2002,中鋼,2002.TW
2006,東和鋼鐵,2006.TW
2007,燁興,2007.TW
2008,高興昌,2008.TW
2009,第一銅,2009.TW
2010,春源,2010.TW
2012,春雨,2012.TW
2013,中鋼構,2013.TW
2014,中鴻,2014.TW
2015,豐興,2015.TW
2017,官田鋼,2017.TW
2020,美亞,2020.TW
2022,聚亨,2022.TW
2023,燁輝,2023.TW
2024,志聯,2024.TW
2025,千興,2025.TW
2027,大成鋼,2027.TW
2028,威致,2028.TW
2029,盛餘,2029.TW
2030,彰源,2030.TW
2031,新光鋼,2031.TW
2032,新鋼,2032.TW
2033,佳大,2033.TW
2034,允強,2034.TW
2038,海光,2038.TW
2049,上銀,2049.TW
2059,川湖,2059.TW
2062,橋椿,2062.TW
2069,運錩,2069.TW
2101,南港,2101.TW
2102,泰豐,2102.TW
2103,台橡,2103.TW
2104,國際中橡,2104.TW
2105,正新,2105.TW
2106,建大,2106.TW
2107,厚生,2107.TW
2108,南帝,2108.TW
2109,華豐,2109.TW
2114,鑫永銓,2114.TW
2115,六暉-KY,2115.TW
2201,裕隆,2201.TW
2204,中華,2204.TW
2206,三陽工業,2206.TW
2207,和泰車,2207.TW
2208,台船,2208.TW
2211,長榮鋼,2211.TW
2227,裕日車,2227.TW
2228,劍麟,2228.TW
2231,為升,2231.TW
2233,宇隆,2233.TW
2236,百達-KY,2236.TW
2239,英利-KY,2239.TW
2241,艾姆勒,2241.TW
2243,宏旭-KY,2243.TW
2247,汎德永業,2247.TW
2250,IKKA-KY,2250.TW
2301,光寶科,2301.TW
2302,麗正,2302.TW
2303,聯電,2303.TW
2305,全友,2305.TW
2308,台達電,2308.TW
2312,金寶,2312.TW
2313,華通,2313.TW
2314,台揚,2314.TW
2316,楠梓電,2316.TW
2317,鴻海,2317.TW
2321,東訊,2321.TW
2323,中環,2323.TW
2324,仁寶,2324.TW
2327,國巨,2327.TW
2328,廣宇,2328.TW
2329,華泰,2329.TW
2330,台積電,2330.TW
2331,精英,2331.TW
2332,友訊,2332.TW
2337,旺宏,2337.TW
2338,光罩,2338.TW
2340,台亞,2340.TW
2342,茂矽,2342.TW
2344,華邦電,2344.TW
2345,智邦,2345.TW
2347,聯強,2347.TW
2348,海悅,2348.TW
2349,錸德,2349.TW
2351,順德,2351.TW
2352,佳世達,2352.TW
2353,宏碁,2353.TW
2354,鴻準,2354.TW
2355,敬鵬,2355.TW
2356,英業達,2356.TW
2357,華碩,2357.TW
2358,廷鑫,2358.TW
2359,所羅門,2359.TW
2360,致茂,2360.TW
2362,藍天,2362.TW
2363,矽統,2363.TW
2364,倫飛,2364.TW
2365,昆盈,2365.TW
2367,燿華,2367.TW
2368,金像電,2368.TW
2369,菱生,2369.TW
2371,大同,2371.TW
2373,震旦行,2373.TW
2374,佳能,2374.TW
2375,凱美,2375.TW
2376,技嘉,2376.TW
2377,微星,2377.TW
2379,瑞昱,2379.TW
2380,虹光,2380.TW
2382,廣達,2382.TW
2383,台光電,2383.TW
2385,群光,2385.TW
2387,精元,2387.TW
2388,威盛,2388.TW
2390,云辰,2390.TW
2392,正崴,2392.TW
2393,億光,2393.TW
2395,研華,2395.TW
2397,友通,2397.TW
2399,映泰,2399.TW
2401,凌陽,2401.TW
2402,毅嘉,2402.TW
2404,漢唐,2404.TW
2405,輔信,2405.TW
2406,國碩,2406.TW
2408,南亞科,2408.TW
2409,友達,2409.TW
2412,中華電,2412.TW
2413,環科,2413.TW
2414,精技,2414.TW
2415,錩新,2415.TW
2417,圓剛,2417.TW
2419,仲琦,2419.TW
2420,新巨,2420.TW
2421,建準,2421.TW
2423,固緯,2423.TW
2424,隴華,2424.TW
2425,承啟,2425.TW
2426,鼎元,2426.TW
2427,三商電,2427.TW
2428,興勤,2428.TW
2429,銘旺科,2429.TW
2430,燦坤,2430.TW
2431,聯昌,2431.TW
2433,互盛電,2433.TW
2434,統懋,2434.TW
2436,偉詮電,2436.TW
2438,翔耀,2438.TW
2439,美律,2439.TW
2440,太空梭,2440.TW
2441,超豐,2441.TW
2442,新美齊,2442.TW
2443,昶虹,2443.TW
2444,兆勁,2444.TW
2449,京元電子,2449.TW
2450,神腦,2450.TW
2451,創見,2451.TW
2453,凌群,2453.TW
2454,聯發科,2454.TW
2455,全新,2455.TW
2457,飛宏,2457.TW
2458,義隆,2458.TW
2459,敦吉,2459.TW
2460,建通,2460.TW
2461,光群雷,2461.TW
2462,良得電,2462.TW
2464,盟立,2464.TW
2465,麗臺,2465.TW
2466,冠西電,2466.TW
2467,志聖,2467.TW
2468,華經,2468.TW
2471,資通,2471.TW
2472,立隆電,2472.TW
2474,可成,2474.TW
2476,鉅祥,2476.TW
2477,美隆電,2477.TW
2478,大毅,2478.TW
2480,敦陽科,2480.TW
2481,強茂,2481.TW
2482,連宇,2482.TW
2483,百容,2483.TW
2484,希華,2484.TW
2485,兆赫,2485.TW
2486,一詮,2486.TW
2488,漢平,2488.TW
2489,瑞軒,2489.TW
2491,吉祥全,2491.TW
2492,華新科,2492.TW
2493,揚博,2493.TW
2495,普安,2495.TW
2496,卓越,2496.TW
2497,怡利電,2497.TW
2498,宏達電,2498.TW
2501,國建,2501.TW
2504,國產,2504.TW
2505,國揚,2505.TW
2506,太設,2506.TW
2509,全坤建,2509.TW
2511,太子,2511.TW
2514,龍邦,2514.TW
2515,中工,2515.TW
2516,新建,2516.TW
2520,冠德,2520.TW
2524,京城,2524.TW
2527,宏璟,2527.TW
2528,皇普,2528.TW
2530,華建,2530.TW
2534,宏盛,2534.TW
2535,達欣工,2535.TW
2536,宏普,2536.TW
2537,聯上發,2537.TW
2538,基泰,2538.TW
2539,櫻花建,2539.TW
2540,愛山林,2540.TW
2542,興富發,2542.TW
2543,皇昌,2543.TW
2545,皇翔,2545.TW
2546,根基,2546.TW
2547,日勝生,2547.TW
2548,華固,2548.TW
2597,潤弘,2597.TW
2601,益航,2601.TW
2603,長榮,2603.TW
2605,新興,2605.TW
2606,裕民,2606.TW
2607,榮運,2607.TW
2608,嘉里大榮,2608.TW
2609,陽明,2609.TW
2610,華航,2610.TW
2611,志信,2611.TW
2612,中航,2612.TW
2613,中櫃,2613.TW
2614,東森,2614.TW
2615,萬海,2615.TW
2616,山隆,2616.TW
2617,台航,2617.TW
2618,長榮航,2618.TW
2630,亞航,2630.TW
2633,台灣高鐵,2633.TW
2634,漢翔,2634.TW
2636,台驊控股,2636.TW
2637,慧洋-KY,2637.TW
2642,宅配通,2642.TW
2645,長榮航太,2645.TW
2701,萬企,2701.TW
2702,華園,2702.TW
2704,國賓,2704.TW
2705,六福,2705.TW
2706,第一店,2706.TW
2707,晶華,2707.TW
2712,遠雄來,2712.TW
2722,夏都,2722.TW
2723,美食-KY,2723.TW
2727,王品,2727.TW
2731,雄獅,2731.TW
2739,寒舍,2739.TW
2748,雲品,2748.TW
2753,八方雲集,2753.TW
2762,世界健身-KY,2762.TW
2801,彰銀,2801.TW
2809,京城銀,2809.TW
2812,台中銀,2812.TW
2816,旺旺保,2816.TW
2820,華票,2820.TW
2832,台產,2832.TW
2834,臺企銀,2834.TW
2836,高雄銀,2836.TW
2838,聯邦銀,2838.TW
2845,遠東銀,2845.TW
2849,安泰銀,2849.TW
2850,新產,2850.TW
2851,中再保,2851.TW
2852,第一保,2852.TW
2855,統一證,2855.TW
2867,三商壽,2867.TW
2880,華南金,2880.TW
2881,富邦金,2881.TW
2882,國泰金,2882.TW
2883,開發金,2883.TW
2884,玉山金,2884.TW
2885,元大金,2885.TW
2886,兆豐金,2886.TW
2887,台新金,2887.TW
2888,新光金,2888.TW
2889,國票金,2889.TW
2890,永豐金,2890.TW
2891,中信金,2891.TW
2892,第一金,2892.TW
2897,王道銀行,2897.TW
2901,欣欣,2901.TW
2903,遠百,2903.TW
2904,匯僑,2904.TW
2905,三商,2905.TW
2906,高林,2906.TW
2908,特力,2908.TW
2910,統領,2910.TW
2911,麗嬰房,2911.TW
2912,統一超,2912.TW
2913,農林,2913.TW
2915,潤泰全,2915.TW
2923,鼎固-KY,2923.TW
2929,淘帝-KY,2929.TW
2939,永邑-KY,2939.TW
2945,三商家購,2945.TW
3002,歐格,3002.TW
3003,健和興,3003.TW
3004,豐達科,3004.TW
3005,神基,3005.TW
3006,晶豪科,3006.TW
3008,大立光,3008.TW
3010,華立,3010.TW
3011,今皓,3011.TW
3013,晟銘電,3013.TW
3014,聯陽,3014.TW
3015,全漢,3015.TW
3016,嘉晶,3016.TW
3017,奇鋐,3017.TW
3018,隆銘綠能,3018.TW
3019,亞光,3019.TW
3021,鴻名,3021.TW
3022,威強電,3022.TW
3023,信邦,3023.TW
3024,憶聲,3024.TW
3025,星通,3025.TW
3026,禾伸堂,3026.TW
3027,盛達,3027.TW
3028,增你強,3028.TW
3029,零壹,3029.TW
3030,德律,3030.TW
3031,佰鴻,3031.TW
3032,偉訓,3032.TW
3033,威健,3033.TW
3034,聯詠,3034.TW
3035,智原,3035.TW
3036,文曄,3036.TW
3037,欣興,3037.TW
3038,全台,3038.TW
3040,遠見,3040.TW
3041,揚智,3041.TW
3042,晶技,3042.TW
3043,科風,3043.TW
3044,健鼎,3044.TW
3045,台灣大,3045.TW
3046,建碁,3046.TW
3047,訊舟,3047.TW
3048,益登,3048.TW
3049,精金,3049.TW
3050,鈺德,3050.TW
3051,力特,3051.TW
3052,夆典,3052.TW
3054,立萬利,3054.TW
3055,蔚華科,3055.TW
3056,富華新,3056.TW
3057,喬鼎,3057.TW
3058,立德,3058.TW
3059,華晶科,3059.TW
3060,銘異,3060.TW
3062,建漢,3062.TW
3090,日電貿,3090.TW
3092,鴻碩,3092.TW
3094,聯傑,3094.TW
3130,一零四,3130.TW
3138,耀登,3138.TW
3149,正達,3149.TW
3164,景岳,3164.TW
3167,大量,3167.TW
3168,眾福科,3168.TW
3189,景碩,3189.TW
3209,全科,3209.TW
3229,晟鈦,3229.TW
3231,緯創,3231.TW
3257,虹冠電,3257.TW
3266,昇陽,3266.TW
3296,勝德,3296.TW
3305,昇貿,3305.TW
3308,聯德,3308.TW
3311,閎暉,3311.TW
3312,弘憶股,3312.TW
3321,同泰,3321.TW
3338,泰碩,3338.TW
3346,麗清,3346.TW
3356,奇偶,3356.TW
3376,新日興,3376.TW
3380,明泰,3380.TW
3406,玉晶光,3406.TW
3413,京鼎,3413.TW
3416,融程電,3416.TW
3419,譁裕,3419.TW
3432,台端,3432.TW
3437,榮創,3437.TW
3443,創意,3443.TW
3447,展達,3447.TW
3450,聯鈞,3450.TW
3454,晶睿,3454.TW
3481,群創,3481.TW
3494,誠研,3494.TW
3501,維熹,3501.TW
3504,揚明光,3504.TW
3515,華擎,3515.TW
3518,柏騰,3518.TW
3528,安馳,3528.TW
3530,晶相光,3530.TW
3532,台勝科,3532.TW
3533,嘉澤,3533.TW
3535,晶彩科,3535.TW
3543,州巧,3543.TW
3545,敦泰,3545.TW
3550,聯穎,3550.TW
3557,嘉威,3557.TW
3563,牧德,3563.TW
3576,聯合再生,3576.TW
3583,辛耘,3583.TW
3588,通嘉,3588.TW
3591,艾笛森,3591.TW
3592,瑞鼎,3592.TW
3593,力銘,3593.TW
3596,智易,3596.TW
3605,宏致,3605.TW
3607,谷崧,3607.TW
3617,碩天,3617.TW
3622,洋華,3622.TW
3645,達邁,3645.TW
3652,精聯,3652.TW
3653,健策,3653.TW
3661,世芯-KY,3661.TW
3665,貿聯-KY,3665.TW
3669,圓展,3669.TW
3673,TPK-KY,3673.TW
3679,新至陞,3679.TW
3686,達能,3686.TW
3694,海華,3694.TW
3701,大眾控,3701.TW
3702,大聯大,3702.TW
3703,欣陸,3703.TW
3704,合勤控,3704.TW
3705,永信,3705.TW
3706,神達,3706.TW
3708,上緯投控,3708.TW
3711,日月光投控,3711.TW
3712,永崴投控,3712.TW
3714,富采,3714.TW
3715,定穎投控,3715.TW
3716,中化控股,3716.TW
4104,佳醫,4104.TW
4106,雃博,4106.TW
4108,懷特,4108.TW
4119,旭富,4119.TW
4133,亞諾法,4133.TW
4137,麗豐-KY,4137.TW
4142,國光生,4142.TW
4155,訊映,4155.TW
4164,承業醫,4164.TW
4190,佐登-KY,4190.TW
4306,炎洲,4306.TW
4414,如興,4414.TW
4426,利勤,4426.TW
4438,廣越,4438.TW
4439,冠星-KY,4439.TW
4440,宜新實業,4440.TW
4526,東台,4526.TW
4532,瑞智,4532.TW
4536,拓凱,4536.TW
4540,全球傳動,4540.TW
4545,銘鈺,4545.TW
4551,智伸科,4551.TW
4552,力達-KY,4552.TW
4555,氣立,4555.TW
4557,永新-KY,4557.TW
4560,強信-KY,4560.TW
4562,穎漢,4562.TW
4564,元翎,4564.TW
4566,時碩工業,4566.TW
4569,六方科-KY,4569.TW
4571,鈞興-KY,4571.TW
4572,駐龍,4572.TW
4576,大銀微系統,4576.TW
4581,光隆精密-KY,4581.TW
4583,台灣精銳,4583.TW
4588,玖鼎電力,4588.TW
4720,德淵,4720.TW
4722,國精化,4722.TW
4736,泰博,4736.TW
4737,華廣,4737.TW
4739,康普,4739.TW
4746,台耀,4746.TW
4755,三福化,4755.TW
4763,材料-KY,4763.TW
4764,雙鍵,4764.TW
4766,南寶,4766.TW
4770,上品,4770.TW
4771,望隼,4771.TW
4807,日成-KY,4807.TW
4904,遠傳,4904.TW
4906,正文,4906.TW
4912,聯德控股-KY,4912.TW
4915,致伸,4915.TW
4916,事欣科,4916.TW
4919,新唐,4919.TW
4927,泰鼎-KY,4927.TW
4930,燦星網,4930.TW
4934,太極,4934.TW
4935,茂林-KY,4935.TW
4938,和碩,4938.TW
4942,嘉彰,4942.TW
4943,康控-KY,4943.TW
4949,有成精密,4949.TW
4952,凌通,4952.TW
4956,光鋐,4956.TW
4958,臻鼎-KY,4958.TW
4960,誠美材,4960.TW
4961,天鈺,4961.TW
4967,十銓,4967.TW
4968,立積,4968.TW
4976,佳凌,4976.TW
4977,眾達-KY,4977.TW
4989,榮科,4989.TW
4994,傳奇,4994.TW
4999,鑫禾,4999.TW
5007,三星,5007.TW
5203,訊連,5203.TW
5215,科嘉-KY,5215.TW
5222,全訊,5222.TW
5225,東科-KY,5225.TW
5234,達興材料,5234.TW
5243,乙盛-KY,5243.TW
5244,弘凱,5244.TW
5258,虹堡,5258.TW
5269,祥碩,5269.TW
5283,禾聯碩,5283.TW
5284,jpp-KY,5284.TW
5285,界霖,5285.TW
5288,豐祥-KY,5288.TW
5292,華懋,5292.TW
5306,桂盟,5306.TW
5388,中磊,5388.TW
5434,崇越,5434.TW
5469,瀚宇博,5469.TW
5471,松翰,5471.TW
5484,慧友,5484.TW
5515,建國,5515.TW
5519,隆大,5519.TW
5521,工信,5521.TW
5522,遠雄,5522.TW
5525,順天,5525.TW
5531,鄉林,5531.TW
5533,皇鼎,5533.TW
5534,長虹,5534.TW
5538,東明-KY,5538.TW
5546,永固-KY,5546.TW
5607,遠雄港,5607.TW
5608,四維航,5608.TW
5706,鳳凰,5706.TW
5871,中租-KY,5871.TW
5876,上海商銀,5876.TW
5880,合庫金,5880.TW
5906,台南-KY,5906.TW
5907,大洋-KY,5907.TW
6005,群益證,6005.TW
6024,群益期,6024.TW
6108,競國,6108.TW
6112,邁達特,6112.TW
6115,鎰勝,6115.TW
6116,彩晶,6116.TW
6117,迎廣,6117.TW
6120,達運,6120.TW
6128,上福,6128.TW
6133,金橋,6133.TW
6136,富爾特,6136.TW
6139,亞翔,6139.TW
6141,柏承,6141.TW
6142,友勁,6142.TW
6152,百一,6152.TW
6153,嘉聯益,6153.TW
6155,鈞寶,6155.TW
6164,華興,6164.TW
6165,浪凡,6165.TW
6166,凌華,6166.TW
6168,宏齊,6168.TW
6176,瑞儀,6176.TW
6177,達麗,6177.TW
6183,關貿,6183.TW
6184,大豐電,6184.TW
6189,豐藝,6189.TW
6191,精成科,6191.TW
6192,巨路,6192.TW
6196,帆宣,6196.TW
6197,佳必琪,6197.TW
6201,亞弘電,6201.TW
6202,盛群,6202.TW
6205,詮欣,6205.TW
6206,飛捷,6206.TW
6209,今國光,6209.TW
6213,聯茂,6213.TW
6214,精誠,6214.TW
6215,和椿,6215.TW
6216,居易,6216.TW
6224,聚鼎,6224.TW
6225,天瀚,6225.TW
6226,光鼎,6226.TW
6230,尼得科超眾,6230.TW
6235,華孚,6235.TW
6239,力成,6239.TW
6243,迅杰,6243.TW
6257,矽格,6257.TW
6269,台郡,6269.TW
6271,同欣電,6271.TW
6277,宏正,6277.TW
6278,台表科,6278.TW
6281,全國電,6281.TW
6282,康舒,6282.TW
6283,淳安,6283.TW
6285,啟碁,6285.TW
6288,聯嘉,6288.TW
6405,悅城,6405.TW
6409,旭隼,6409.TW
6412,群電,6412.TW
6414,樺漢,6414.TW
6415,矽力*-KY,6415.TW
6416,瑞祺電通,6416.TW
6426,統新,6426.TW
6431,光麗-KY,6431.TW
6438,迅得,6438.TW
6442,光聖,6442.TW
6443,元晶,6443.TW
6446,藥華藥,6446.TW
6449,鈺邦,6449.TW
6451,訊芯-KY,6451.TW
6456,GIS-KY,6456.TW
6464,台數科,6464.TW
6472,保瑞,6472.TW
6477,安集,6477.TW
6491,晶碩,6491.TW
6504,南六,6504.TW
6505,台塑化,6505.TW
6515,穎崴,6515.TW
6525,捷敏-KY,6525.TW
6526,達發,6526.TW
6531,愛普*,6531.TW
6533,晶心科,6533.TW
6541,泰福-KY,6541.TW
6550,北極星藥業-KY,6550.TW
6552,易華電,6552.TW
6558,興能高,6558.TW
6573,虹揚-KY,6573.TW
6579,研揚,6579.TW
6581,鋼聯,6581.TW
6582,申豐,6582.TW
6585,鼎基,6585.TW
6591,動力-KY,6591.TW
6592,和潤企業,6592.TW
6598,ABC-KY,6598.TW
6605,帝寶,6605.TW
6606,建德工業,6606.TW
6625,必應,6625.TW
6641,基士德-KY,6641.TW
6655,科定,6655.TW
6657,華安,6657.TW
6658,聯策,6658.TW
6666,羅麗芬-KY,6666.TW
6668,中揚光,6668.TW
6669,緯穎,6669.TW
6670,復盛應用,6670.TW
6671,三能-KY,6671.TW
6672,騰輝電子-KY,6672.TW
6674,鋐寶科技,6674.TW
6689,伊雲谷,6689.TW
6691,洋基工程,6691.TW
6695,芯鼎,6695.TW
6698,旭暉應材,6698.TW
6706,惠特,6706.TW
6715,嘉基,6715.TW
6719,力智,6719.TW
6742,澤米,6742.TW
6743,安普新,6743.TW
6753,龍德造船,6753.TW
6754,匯僑設計,6754.TW
6756,威鋒電子,6756.TW
6768,志強-KY,6768.TW
6770,力積電,6770.TW
6776,展碁國際,6776.TW
6781,AES-KY,6781.TW
6782,視陽,6782.TW
6789,采鈺,6789.TW
6790,永豐實,6790.TW
6792,詠業,6792.TW
6796,晉弘,6796.TW
6799,來頡,6799.TW
6805,富世達,6805.TW
6806,森崴能源,6806.TW
6807,峰源-KY,6807.TW
6830,汎銓,6830.TW
6834,天二科技,6834.TW
6835,圓裕,6835.TW
6838,台新藥,6838.TW
6861,睿生光電,6861.TW
6863,永道-KY,6863.TW
6869,雲豹能源,6869.TW
6873,泓德能源,6873.TW
6890,來億-KY,6890.TW
6901,鑽石投資,6901.TW
6906,現觀科,6906.TW
6914,阜爾運通,6914.TW
6916,華凌,6916.TW
6919,康霈*,6919.TW
6923,中台,6923.TW
6928,攸泰科技,6928.TW
6933,AMAX-KY,6933.TW
6937,天虹,6937.TW
6952,大武山,6952.TW
6957,裕慶-KY,6957.TW
6958,日盛台駿,6958.TW
8011,台通,8011.TW
8016,矽創,8016.TW
8021,尖點,8021.TW
8028,昇陽半導體,8028.TW
8033,雷虎,8033.TW
8039,台虹,8039.TW
8046,南電,8046.TW
8070,長華*,8070.TW
8072,陞泰,8072.TW
8081,致新,8081.TW
8101,華冠,8101.TW
8103,瀚荃,8103.TW
8104,錸寶,8104.TW
8105,凌巨,8105.TW
8110,華東,8110.TW
8112,至上,8112.TW
8114,振樺電,8114.TW
8131,福懋科,8131.TW
8150,南茂,8150.TW
8163,達方,8163.TW
8201,無敵,8201.TW
8210,勤誠,8210.TW
8213,志超,8213.TW
8215,明基材,8215.TW
8222,寶一,8222.TW
8249,菱光,8249.TW
8261,富鼎,8261.TW
8271,宇瞻,8271.TW
8341,日友,8341.TW
8367,建新國際,8367.TW
8374,羅昇,8374.TW
8404,百和興業-KY,8404.TW
8411,福貞-KY,8411.TW
8422,可寧衛,8422.TW
8429,金麗-KY,8429.TW
8438,昶昕,8438.TW
8442,威宏-KY,8442.TW
8443,阿瘦,8443.TW
8454,富邦媒,8454.TW
8462,柏文,8462.TW
8463,潤泰材,8463.TW
8464,億豐,8464.TW
8466,美吉吉-KY,8466.TW
8467,波力-KY,8467.TW
8473,山林水,8473.TW
8476,台境,8476.TW
8478,東哥遊艇,8478.TW
8481,政伸,8481.TW
8482,商億-KY,8482.TW
8488,吉源-KY,8488.TW
8499,鼎炫-KY,8499.TW
8926,台汽電,8926.TW
8940,新天地,8940.TW
8996,高力,8996.TW
9802,鈺齊-KY,9802.TW
9902,台火,9902.TW
9904,寶成,9904.TW
9905,大華,9905.TW
9906,欣巴巴,9906.TW
9907,統一實,9907.TW
9908,大台北,9908.TW
9910,豐泰,9910.TW
9911,櫻花,9911.TW
9912,偉聯,9912.TW
9914,美利達,9914.TW
9917,中保科,9917.TW
9918,欣天然,9918.TW
9919,康那香,9919.TW
9921,巨大,9921.TW
9924,福興,9924.TW
9925,新保,9925.TW
9926,新海,9926.TW
9927,泰銘,9927.TW
9928,中視,9928.TW
9929,秋雨,9929.TW
9930,中聯資源,9930.TW
9931,欣高,9931.TW
9933,中鼎,9933.TW
9934,成霖,9934.TW
9935,慶豐富,9935.TW
9937,全國,9937.TW
9938,百和,9938.TW
9939,宏全,9939.TW
9940,信義,9940.TW
9941,裕融,9941.TW
9942,茂順,9942.TW
9943,好樂迪,9943.TW
9944,新麗,9944.TW
9945,潤泰新,9945.TW
9946,三發地產,9946.TW
9955,佳龍,9955.TW
9958,世紀鋼,9958.TW
2254,巨鎧精密-創,2254.TW
2258,鴻華先進-創,2258.TW
2432,倚天酷碁-創,2432.TW
3150,鈺寶-創,3150.TW
6423,億而得-創,6423.TW
6534,正瀚-創,6534.TW
6645,金萬林-創,6645.TW
6757,台灣虎航-創,6757.TW
6771,平和環保-創,6771.TW
6794,向榮生技-創,6794.TW
6854,錼創科技-KY創,6854.TW
6902,走著瞧-創,6902.TW
6949,沛爾生醫-創,6949.TW
6951,青新-創,6951.TW
6969,成信實業*-創,6969.TW
8162,微矽電子-創,8162.TW
8487,愛爾達-創,8487.TW
0050,元大台灣50,0050.TW
0051,元大中型100,0051.TW
0052,富邦科技,0052.TW
0053,元大電子,0053.TW
0055,元大MSCI金融,0055.TW
0056,元大高股息,0056.TW
0057,富邦摩台,0057.TW
0061,元大寶滬深,0061.TW
9103,美德醫療-DR,9103.TW
9105,泰金寶-DR,9105.TW
9110,越南控-DR,9110.TW
9136,巨騰-DR,9136.TW
1240,茂生農經,1240.TWO
1259,安心,1259.TWO
1264,德麥,1264.TWO
1268,漢來美食,1268.TWO
1294,漢田生技,1294.TWO
1336,台翰,1336.TWO
1565,精華,1565.TWO
1569,濱川,1569.TWO
1570,力肯,1570.TWO
1580,新麥,1580.TWO
1584,精剛,1584.TWO
1586,和勤,1586.TWO
1591,駿吉-KY,1591.TWO
1593,祺驊,1593.TWO
1595,川寶,1595.TWO
1599,宏佳騰,1599.TWO
1742,台蠟,1742.TWO
1777,生泰,1777.TWO
1781,合世,1781.TWO
1784,訊聯,1784.TWO
1785,光洋科,1785.TWO
1788,杏昌,1788.TWO
1796,金穎生技,1796.TWO
1799,易威,1799.TWO
1813,寶利徠,1813.TWO
1815,富喬,1815.TWO
2035,唐榮,2035.TWO
2061,風青,2061.TWO
2063,世鎧,2063.TWO
2064,晉椿,2064.TWO
2065,世豐,2065.TWO
2066,世德,2066.TWO
2067,嘉鋼,2067.TWO
2070,精湛,2070.TWO
2073,雄順,2073.TWO
2221,大甲,2221.TWO
2230,泰茂,2230.TWO
2235,謚源,2235.TWO
2596,綠意,2596.TWO
2640,大車隊,2640.TWO
2641,正德,2641.TWO
2643,捷迅,2643.TWO
2718,晶悅,2718.TWO
2719,燦星旅,2719.TWO
2724,藝舍-KY,2724.TWO
2726,雅茗-KY,2726.TWO
2729,瓦城,2729.TWO
2732,六角,2732.TWO
2734,易飛網,2734.TWO
2736,富野,2736.TWO
2740,天蔥,2740.TWO
2743,山富,2743.TWO
2745,五福,2745.TWO
2751,王座,2751.TWO
2752,豆府,2752.TWO
2754,亞洲藏壽司,2754.TWO
2755,揚秦,2755.TWO
2756,聯發國際,2756.TWO
2916,滿心,2916.TWO
2924,宏太-KY,2924.TWO
2926,誠品生活,2926.TWO
2937,集雅社,2937.TWO
2941,米斯特,2941.TWO
2947,振宇五金,2947.TWO
2948,寶陞,2948.TWO
2949,欣新網,2949.TWO
3064,泰偉,3064.TWO
3066,李洲,3066.TWO
3067,全域,3067.TWO
3071,協禧,3071.TWO
3073,天方能源,3073.TWO
3078,僑威,3078.TWO
3081,聯亞,3081.TWO
3083,網龍,3083.TWO
3085,新零售,3085.TWO
3086,華義,3086.TWO
3088,艾訊,3088.TWO
3093,港建*,3093.TWO
3095,及成,3095.TWO
3105,穩懋,3105.TWO
3114,好德,3114.TWO
3115,富榮綱,3115.TWO
3118,進階,3118.TWO
3122,笙泉,3122.TWO
3128,昇銳,3128.TWO
3131,弘塑,3131.TWO
3141,晶宏,3141.TWO
3147,大綜,3147.TWO
3152,璟德,3152.TWO
3162,精確,3162.TWO
3163,波若威,3163.TWO
3169,亞信,3169.TWO
3171,新洲,3171.TWO
3176,基亞,3176.TWO
3178,公準,3178.TWO
3188,鑫龍騰,3188.TWO
3191,雲嘉南,3191.TWO
3202,樺晟,3202.TWO
3205,佰研,3205.TWO
3206,志豐,3206.TWO
3207,耀勝,3207.TWO
3211,順達,3211.TWO
3213,茂訊,3213.TWO
3217,優群,3217.TWO
3218,大學光,3218.TWO
3219,倚強科,3219.TWO
3221,台嘉碩,3221.TWO
3224,三顧,3224.TWO
3226,至寶電,3226.TWO
3227,原相,3227.TWO
3228,金麗科,3228.TWO
3230,錦明,3230.TWO
3232,昱捷,3232.TWO
3234,光環,3234.TWO
3236,千如,3236.TWO
3252,海灣,3252.TWO
3259,鑫創,3259.TWO
3260,威剛,3260.TWO
3264,欣銓,3264.TWO
3265,台星科,3265.TWO
3268,海德威,3268.TWO
3272,東碩,3272.TWO
3276,宇環,3276.TWO
3284,太普高,3284.TWO
3285,微端,3285.TWO
3287,廣寰科,3287.TWO
3288,點晶,3288.TWO
3289,宜特,3289.TWO
3290,東浦,3290.TWO
3293,鈊象,3293.TWO
3294,英濟,3294.TWO
3297,杭特,3297.TWO
3303,岱稜,3303.TWO
3306,鼎天,3306.TWO
3310,佳穎,3310.TWO
3313,斐成,3313.TWO
3317,尼克森,3317.TWO
3322,建舜電,3322.TWO
3323,加百裕,3323.TWO
3324,雙鴻,3324.TWO
3325,旭品,3325.TWO
3332,幸康,3332.TWO
3339,泰谷,3339.TWO
3349,寶德,3349.TWO
3354,律勝,3354.TWO
3357,臺慶科,3357.TWO
3360,尚立,3360.TWO
3362,先進光,3362.TWO
3363,上詮,3363.TWO
3372,典範,3372.TWO
3373,熱映,3373.TWO
3374,精材,3374.TWO
3379,彬台,3379.TWO
3388,崇越電,3388.TWO
3390,旭軟,3390.TWO
3402,漢科,3402.TWO
3426,台興,3426.TWO
3430,奇鈦科,3430.TWO
3434,哲固,3434.TWO
3438,類比科,3438.TWO
3441,聯一光,3441.TWO
3444,利機,3444.TWO
3455,由田,3455.TWO
3465,進泰電子,3465.TWO
3466,德晉,3466.TWO
3479,安勤,3479.TWO
3483,力致,3483.TWO
3484,崧騰,3484.TWO
3489,森寶,3489.TWO
3490,單井,3490.TWO
3491,昇達科,3491.TWO
3492,長盛,3492.TWO
3498,陽程,3498.TWO
3499,環天科,3499.TWO
3508,位速,3508.TWO
3511,矽瑪,3511.TWO
3512,皇龍,3512.TWO
3516,亞帝歐,3516.TWO
3520,華盈,3520.TWO
3521,鴻翊,3521.TWO
3522,御嵿,3522.TWO
3523,迎輝,3523.TWO
3526,凡甲,3526.TWO
3527,聚積,3527.TWO
3529,力旺,3529.TWO
3531,先益,3531.TWO
3537,堡達,3537.TWO
3540,曜越,3540.TWO
3541,西柏,3541.TWO
3546,宇峻,3546.TWO
3548,兆利,3548.TWO
3551,世禾,3551.TWO
3552,同致,3552.TWO
3555,博士旺,3555.TWO
3556,禾瑞亞,3556.TWO
3558,神準,3558.TWO
3564,其陽,3564.TWO
3567,逸昌,3567.TWO
3570,大塚,3570.TWO
3577,泓格,3577.TWO
3580,友威科,3580.TWO
3581,博磊,3581.TWO
3587,閎康,3587.TWO
3594,磐儀,3594.TWO
3597,映興,3597.TWO
3609,三一東林,3609.TWO
3611,鼎翰,3611.TWO
3615,安可,3615.TWO
3623,富晶通,3623.TWO
3624,光頡,3624.TWO
3625,西勝,3625.TWO
3628,盈正,3628.TWO
3629,地心引力,3629.TWO
3630,新鉅科,3630.TWO
3631,晟楠,3631.TWO
3632,研勤,3632.TWO
3646,艾恩特,3646.TWO
3663,鑫科,3663.TWO
3664,安瑞-KY,3664.TWO
3666,光耀,3666.TWO
3672,康聯訊,3672.TWO
3675,德微,3675.TWO
3680,家登,3680.TWO
3684,榮昌,3684.TWO
3685,元創精密,3685.TWO
3687,歐買尬,3687.TWO
3689,湧德,3689.TWO
3691,碩禾,3691.TWO
3693,營邦,3693.TWO
3707,漢磊,3707.TWO
3709,鑫聯大投控,3709.TWO
3710,連展投控,3710.TWO
3713,新晶投控,3713.TWO
4102,永日,4102.TWO
4105,東洋,4105.TWO
4107,邦特,4107.TWO
4109,加捷生醫,4109.TWO
4111,濟生,4111.TWO
4113,聯上,4113.TWO
4114,健喬,4114.TWO
4116,明基醫,4116.TWO
4120,友華,4120.TWO
4121,優盛,4121.TWO
4123,晟德,4123.TWO
4126,太醫,4126.TWO
4127,天良,4127.TWO
4128,中天,4128.TWO
4129,聯合,4129.TWO
4130,健亞,4130.TWO
4131,浩泰,4131.TWO
4138,曜亞,4138.TWO
4139,馬光-KY,4139.TWO
4147,中裕,4147.TWO
4153,鈺緯,4153.TWO
4154,樂威科-KY,4154.TWO
4157,太景*-KY,4157.TWO
4160,訊聯基因,4160.TWO
4161,聿新科,4161.TWO
4162,智擎,4162.TWO
4163,鐿鈦,4163.TWO
4167,松瑞藥,4167.TWO
4168,醣聯,4168.TWO
4171,瑞基,4171.TWO
4173,久裕,4173.TWO
4174,浩鼎,4174.TWO
4175,杏一,4175.TWO
4183,福永生技,4183.TWO
4188,安克,4188.TWO
4192,杏國,4192.TWO
4198,欣大健康,4198.TWO
4205,中華食,4205.TWO
4207,環泰,4207.TWO
4303,信立,4303.TWO
4304,勝昱,4304.TWO
4305,世坤,4305.TWO
4401,東隆興,4401.TWO
4402,郡都開發,4402.TWO
4406,新昕纖,4406.TWO
4413,飛寶企業,4413.TWO
4416,三圓,4416.TWO
4417,金洲,4417.TWO
4419,皇家美食,4419.TWO
4420,光明,4420.TWO
4430,耀億,4430.TWO
4432,銘旺實,4432.TWO
4433,興采,4433.TWO
4442,竣邦-KY,4442.TWO
4502,健信,4502.TWO
4503,金雨,4503.TWO
4506,崇友,4506.TWO
4510,高鋒,4510.TWO
4513,福裕,4513.TWO
4523,永彰,4523.TWO
4527,方土霖,4527.TWO
4528,江興鍛,4528.TWO
4529,淳紳,4529.TWO
4530,宏易,4530.TWO
4533,協易機,4533.TWO
4534,慶騰,4534.TWO
4535,至興,4535.TWO
4538,大詠城,4538.TWO
4541,晟田,4541.TWO
4542,科嶠,4542.TWO
4543,萬在,4543.TWO
4549,桓達,4549.TWO
4550,長佳,4550.TWO
4554,橙的,4554.TWO
4556,旭然,4556.TWO
4558,寶緯,4558.TWO
4561,健椿,4561.TWO
4563,百德,4563.TWO
4568,科際精密,4568.TWO
4577,達航科技,4577.TWO
4580,捷流閥業,4580.TWO
4584,君帆,4584.TWO
4609,唐鋒,4609.TWO
4702,中美實,4702.TWO
4706,大恭,4706.TWO
4707,磐亞,4707.TWO
4711,永純,4711.TWO
4714,永捷,4714.TWO
4716,大立,4716.TWO
4721,美琪瑪,4721.TWO
4726,永昕,4726.TWO
4728,雙美,4728.TWO
4729,熒茂,4729.TWO
4735,豪展,4735.TWO
4741,泓瀚,4741.TWO
4743,合一,4743.TWO
4744,皇將,4744.TWO
4745,合富-KY,4745.TWO
4747,強生,4747.TWO
4754,國碳科,4754.TWO
4760,勤凱,4760.TWO
4767,誠泰科技,4767.TWO
4768,晶呈科技,4768.TWO
4772,台特化,4772.TWO
4804,大略-KY,4804.TWO
4806,桂田文創,4806.TWO
4903,聯光通,4903.TWO
4905,台聯電,4905.TWO
4907,富宇,4907.TWO
4908,前鼎,4908.TWO
4909,新復興,4909.TWO
4911,德英,4911.TWO
4923,力士,4923.TWO
4924,欣厚-KY,4924.TWO
4931,新盛力,4931.TWO
4933,友輝,4933.TWO
4939,亞電,4939.TWO
4945,陞達科技,4945.TWO
4946,辣椒,4946.TWO
4950,牧東,4950.TWO
4951,精拓科,4951.TWO
4953,緯軟,4953.TWO
4966,譜瑞-KY,4966.TWO
4971,IET-KY,4971.TWO
4972,湯石照明,4972.TWO
4973,廣穎,4973.TWO
4974,亞泰,4974.TWO
4979,華星光,4979.TWO
4987,科誠,4987.TWO
4991,環宇-KY,4991.TWO
4995,晶達,4995.TWO
5009,榮剛,5009.TWO
5011,久陽,5011.TWO
5013,強新,5013.TWO
5014,建錩,5014.TWO
5015,華祺,5015.TWO
5016,松和,5016.TWO
5201,凱衛,5201.TWO
5202,力新,5202.TWO
5205,中茂,5205.TWO
5206,坤悅,5206.TWO
5209,新鼎,5209.TWO
5210,寶碩,5210.TWO
5211,蒙恬,5211.TWO
5212,凌網,5212.TWO
5213,亞昕,5213.TWO
5220,萬達光電,5220.TWO
5223,安力-KY,5223.TWO
5227,立凱-KY,5227.TWO
5228,鈺鎧,5228.TWO
5230,雷笛克光學,5230.TWO
5236,凌陽創新,5236.TWO
5245,智晶,5245.TWO
5251,天鉞電,5251.TWO
5263,智崴,5263.TWO
5272,笙科,5272.TWO
5274,信驊,5274.TWO
5276,達輝-KY,5276.TWO
5278,尚凡,5278.TWO
5287,數字,5287.TWO
5289,宜鼎,5289.TWO
5291,邑昇,5291.TWO
5299,杰力,5299.TWO
5301,寶得利,5301.TWO
5302,太欣,5302.TWO
5309,系統電,5309.TWO
5310,天剛,5310.TWO
5312,寶島科,5312.TWO
5314,世紀,5314.TWO
5315,光聯,5315.TWO
5321,美而快,5321.TWO
5324,士開,5324.TWO
5328,華容,5328.TWO
5340,建榮,5340.TWO
5344,立衛,5344.TWO
5345,天揚,5345.TWO
5347,世界,5347.TWO
5348,正能量智能,5348.TWO
5351,鈺創,5351.TWO
5353,台林,5353.TWO
5355,佳總,5355.TWO
5356,協益,5356.TWO
5364,力麗店,5364.TWO
5371,中光電,5371.TWO
5381,合正,5381.TWO
5386,青雲,5386.TWO
5392,能率,5392.TWO
5398,慕康生醫,5398.TWO
5403,中菲,5403.TWO
5410,國眾,5410.TWO
5425,台半,5425.TWO
5426,振發,5426.TWO
5432,新門,5432.TWO
5438,東友,5438.TWO
5439,高技,5439.TWO
5443,均豪,5443.TWO
5450,南良,5450.TWO
5452,佶優,5452.TWO
5455,昇益,5455.TWO
5457,宣德,5457.TWO
5460,同協,5460.TWO
5464,霖宏,5464.TWO
5465,富驊,5465.TWO
5468,凱鈺,5468.TWO
5474,聰泰,5474.TWO
5475,德宏,5475.TWO
5478,智冠,5478.TWO
5481,新華,5481.TWO
5483,中美晶,5483.TWO
5487,通泰,5487.TWO
5488,松普,5488.TWO
5489,彩富,5489.TWO
5490,同亨,5490.TWO
5493,三聯,5493.TWO
5498,凱崴,5498.TWO
5508,永信建,5508.TWO
5511,德昌,5511.TWO
5512,力麒,5512.TWO
5514,三豐,5514.TWO
5516,雙喜,5516.TWO
5520,力泰,5520.TWO
5523,豐謙,5523.TWO
5529,鉅陞,5529.TWO
5530,龍巖,5530.TWO
5536,聖暉*,5536.TWO
5543,桓鼎-KY,5543.TWO
5548,安倉,5548.TWO
5601,台聯櫃,5601.TWO
5603,陸海,5603.TWO
5604,中連,5604.TWO
5609,中菲行,5609.TWO
5701,劍湖山,5701.TWO
5703,亞都,5703.TWO
5704,老爺知,5704.TWO
5864,致和證,5864.TWO
5878,台名,5878.TWO
5902,德記,5902.TWO
5903,全家,5903.TWO
5904,寶雅,5904.TWO
5905,南仁湖,5905.TWO
6015,宏遠證,6015.TWO
6016,康和證,6016.TWO
6020,大展證,6020.TWO
6021,美好證,6021.TWO
6023,元大期,6023.TWO
6026,福邦證,6026.TWO
6101,寬魚國際,6101.TWO
6103,合邦,6103.TWO
6104,創惟,6104.TWO
6109,亞元,6109.TWO
6111,大宇資,6111.TWO
6113,亞矽,6113.TWO
6114,久威,6114.TWO
6118,建達,6118.TWO
6121,新普,6121.TWO
6122,擎邦,6122.TWO
6123,上奇,6123.TWO
6124,業強,6124.TWO
6125,廣運,6125.TWO
6126,信音,6126.TWO
6127,九豪,6127.TWO
6129,普誠,6129.TWO
6130,上亞科技,6130.TWO
6134,萬旭,6134.TWO
6138,茂達,6138.TWO
6140,訊達,6140.TWO
6143,振曜,6143.TWO
6144,得利影,6144.TWO
6146,耕興,6146.TWO
6147,頎邦,6147.TWO
6148,驊宏資,6148.TWO
6150,撼訊,6150.TWO
6151,晉倫,6151.TWO
6154,順發,6154.TWO
6156,松上,6156.TWO
6158,禾昌,6158.TWO
6160,欣技,6160.TWO
6161,捷波,6161.TWO
6163,華電網,6163.TWO
6167,久正,6167.TWO
6169,昱泉,6169.TWO
6170,統振,6170.TWO
6171,大城地產,6171.TWO
6173,信昌電,6173.TWO
6174,安碁,6174.TWO
6175,立敦,6175.TWO
6179,亞通,6179.TWO
6180,橘子,6180.TWO
6182,合晶,6182.TWO
6185,幃翔,6185.TWO
6186,新潤,6186.TWO
6187,萬潤,6187.TWO
6188,廣明,6188.TWO
6190,萬泰科,6190.TWO
6194,育富,6194.TWO
6195,詩肯,6195.TWO
6198,瑞築,6198.TWO
6199,天品,6199.TWO
6203,海韻電,6203.TWO
6204,艾華,6204.TWO
6207,雷科,6207.TWO
6208,日揚,6208.TWO
6210,慶生,6210.TWO
6212,理銘,6212.TWO
6217,中探針,6217.TWO
6218,豪勉,6218.TWO
6219,富旺,6219.TWO
6220,岳豐,6220.TWO
6221,晉泰,6221.TWO
6222,上揚,6222.TWO
6223,旺矽,6223.TWO
6227,茂綸,6227.TWO
6228,全譜,6228.TWO
6229,研通,6229.TWO
6231,系微,6231.TWO
6233,旺玖,6233.TWO
6234,高僑,6234.TWO
6236,中湛,6236.TWO
6237,驊訊,6237.TWO
6240,松崗,6240.TWO
6241,易通展,6241.TWO
6242,立康,6242.TWO
6244,茂迪,6244.TWO
6245,立端,6245.TWO
6246,臺龍,6246.TWO
6248,沛波,6248.TWO
6259,百徽,6259.TWO
6261,久元,6261.TWO
6263,普萊德,6263.TWO
6264,富裔,6264.TWO
6265,方土昶,6265.TWO
6266,泰詠,6266.TWO
6270,倍微,6270.TWO
6274,台燿,6274.TWO
6275,元山,6275.TWO
6276,安鈦克,6276.TWO
6279,胡連,6279.TWO
6284,佳邦,6284.TWO
6287,元隆,6287.TWO
6290,良維,6290.TWO
6291,沛亨,6291.TWO
6292,迅德,6292.TWO
6294,智基,6294.TWO
6411,晶焱,6411.TWO
6417,韋僑,6417.TWO
6418,詠昇,6418.TWO
6419,京晨科,6419.TWO
6425,易發,6425.TWO
6432,今展科,6432.TWO
6435,大中,6435.TWO
6441,廣錠,6441.TWO
6457,紘康,6457.TWO
6461,益得,6461.TWO
6462,神盾,6462.TWO
6465,威潤,6465.TWO
6469,大樹,6469.TWO
6470,宇智,6470.TWO
6482,弘煜科,6482.TWO
6485,點序,6485.TWO
6486,互動,6486.TWO
6488,環球晶,6488.TWO
6492,生華科,6492.TWO
6494,九齊,6494.TWO
6496,科懋,6496.TWO
6499,益安,6499.TWO
6506,雙邦,6506.TWO
6508,惠光,6508.TWO
6509,聚和,6509.TWO
6510,精測,6510.TWO
6512,啟發電,6512.TWO
6514,芮特-KY,6514.TWO
6516,勤崴國際,6516.TWO
6517,保勝光學,6517.TWO
6523,達爾膚,6523.TWO
6527,明達醫,6527.TWO
6530,創威,6530.TWO
6532,瑞耘,6532.TWO
6535,順藥,6535.TWO
6538,倉和,6538.TWO
6542,隆中,6542.TWO
6546,正基,6546.TWO
6547,高端疫苗,6547.TWO
6548,長科*,6548.TWO
6556,勝品,6556.TWO
6560,欣普羅,6560.TWO
6561,是方,6561.TWO
6568,宏觀,6568.TWO
6569,醫揚,6569.TWO
6570,維田,6570.TWO
6574,霈方,6574.TWO
6576,逸達,6576.TWO
6577,勁豐,6577.TWO
6578,達邦蛋白,6578.TWO
6584,南俊國際,6584.TWO
6588,東典光電,6588.TWO
6589,台康生技,6589.TWO
6590,普鴻,6590.TWO
6593,台灣銘板,6593.TWO
6596,寬宏藝術,6596.TWO
6603,富強鑫,6603.TWO
6609,瀧澤科,6609.TWO
6612,奈米醫材,6612.TWO
6613,朋億*,6613.TWO
6615,慧智,6615.TWO
6616,特昇-KY,6616.TWO
6617,共信-KY,6617.TWO
6624,萬年清,6624.TWO
6629,泰金-KY,6629.TWO
6637,醫影,6637.TWO
6640,均華,6640.TWO
6642,富致,6642.TWO
6643,M31,6643.TWO
6649,台生材,6649.TWO
6651,全宇昕,6651.TWO
6654,天正國際,6654.TWO
6661,威健生技,6661.TWO
6662,樂斯科,6662.TWO
6664,群翊,6664.TWO
6667,信紘科,6667.TWO
6679,鈺太,6679.TWO
6680,鑫創電子,6680.TWO
6683,雍智科技,6683.TWO
6684,安格,6684.TWO
6690,安碁資訊,6690.TWO
6692,進能服,6692.TWO
6693,廣閎科,6693.TWO
6697,東捷資訊,6697.TWO
6703,軒郁,6703.TWO
6708,天擎,6708.TWO
6712,長聖,6712.TWO
6716,應廣,6716.TWO
6721,信實,6721.TWO
6727,亞泰金屬,6727.TWO
6728,上洋,6728.TWO
6732,昇佳電子,6732.TWO
6733,博晟生醫,6733.TWO
6735,美達科技,6735.TWO
6739,竹陞科技,6739.TWO
6741,91APP*-KY,6741.TWO
6747,亨泰光,6747.TWO
6751,智聯服務,6751.TWO
6752,叡揚,6752.TWO
6761,穩得,6761.TWO
6762,達亞,6762.TWO
6763,綠界科技*,6763.TWO
6767,台微醫,6767.TWO
6785,昱展新藥,6785.TWO
6788,華景電,6788.TWO
6791,虎門科技,6791.TWO
6803,崑鼎,6803.TWO
6804,明係,6804.TWO
6811,宏碁資訊,6811.TWO
6821,聯寶,6821.TWO
6823,濾能,6823.TWO
6829,千附精密,6829.TWO
6840,東研信超,6840.TWO
6841,長佳智能,6841.TWO
6843,進典,6843.TWO
6844,諾貝兒,6844.TWO
6846,綠茵,6846.TWO
6855,數泓科,6855.TWO
6856,鑫傳,6856.TWO
6859,伯特光,6859.TWO
6865,偉康科技,6865.TWO
6870,騰雲,6870.TWO
6874,倍力,6874.TWO
6875,國邑*,6875.TWO
6877,鏵友益,6877.TWO
6881,潤德,6881.TWO
6894,衛司特,6894.TWO
6895,宏碩系統,6895.TWO
6899,創為精密,6899.TWO
6903,巨漢,6903.TWO
6904,伯鑫,6904.TWO
6913,鴻呈,6913.TWO
6922,宸曜,6922.TWO
6929,佑全,6929.TWO
6953,家碩,6953.TWO
6967,汎瑋材料,6967.TWO
6968,萬達寵物,6968.TWO
7402,邑錡,7402.TWO
7556,意德士,7556.TWO
7584,樂意,7584.TWO
8024,佑華,8024.TWO
8027,鈦昇,8027.TWO
8032,光菱,8032.TWO
8034,榮群,8034.TWO
8038,長園科,8038.TWO
8040,九暘,8040.TWO
8042,金山電,8042.TWO
8043,蜜望實,8043.TWO
8044,網家,8044.TWO
8047,星雲,8047.TWO
8048,德勝,8048.TWO
8049,晶采,8049.TWO
8050,廣積,8050.TWO
8054,安國,8054.TWO
8059,凱碩,8059.TWO
8064,東捷,8064.TWO
8066,來思達,8066.TWO
8067,志旭,8067.TWO
8068,全達,8068.TWO
8069,元太,8069.TWO
8071,能率網通,8071.TWO
8074,鉅橡,8074.TWO
8076,伍豐,8076.TWO
8077,洛碁,8077.TWO
8080,印鉐,8080.TWO
8083,瑞穎,8083.TWO
8084,巨虹,8084.TWO
8085,福華,8085.TWO
8086,宏捷科,8086.TWO
8087,麗升能源,8087.TWO
8088,品安,8088.TWO
8089,康全電訊,8089.TWO
8091,翔名,8091.TWO
8092,建暐,8092.TWO
8093,保銳,8093.TWO
8096,擎亞,8096.TWO
8097,常珵,8097.TWO
8099,大世科,8099.TWO
8107,大億金茂,8107.TWO
8109,博大,8109.TWO
8111,立碁,8111.TWO
8121,越峰,8121.TWO
8147,正淩,8147.TWO
8155,博智,8155.TWO
8171,天宇,8171.TWO
8176,智捷,8176.TWO
8182,加高,8182.TWO
8183,精星,8183.TWO
8227,巨有科技,8227.TWO
8234,新漢,8234.TWO
8240,華宏,8240.TWO
8255,朋程,8255.TWO
8277,商丞,8277.TWO
8279,生展,8279.TWO
8284,三竹,8284.TWO
8289,泰藝,8289.TWO
8291,尚茂,8291.TWO
8299,群聯,8299.TWO
8342,益張,8342.TWO
8349,恒耀,8349.TWO
8354,冠好,8354.TWO
8358,金居,8358.TWO
8383,千附,8383.TWO
8390,金益鼎,8390.TWO
8401,白紗科,8401.TWO
8403,盛弘,8403.TWO
8409,商之器,8409.TWO
8410,森田,8410.TWO
8415,大國鋼,8415.TWO
8416,實威,8416.TWO
8420,明揚,8420.TWO
8421,旭源,8421.TWO
8423,保綠-KY,8423.TWO
8424,惠普,8424.TWO
8426,紅木-KY,8426.TWO
8431,匯鑽科,8431.TWO
8432,東生華,8432.TWO
8433,弘帆,8433.TWO
8435,鉅邁,8435.TWO
8436,大江,8436.TWO
8437,大地-KY,8437.TWO
8440,綠電,8440.TWO
8444,綠河-KY,8444.TWO
8446,華研,8446.TWO
8450,霹靂,8450.TWO
8455,大拓-KY,8455.TWO
8472,夠麻吉,8472.TWO
8477,創業家,8477.TWO
8489,三貝德,8489.TWO
8905,裕國,8905.TWO
8906,花王,8906.TWO
8908,欣雄,8908.TWO
8916,光隆,8916.TWO
8917,欣泰,8917.TWO
8921,沈氏,8921.TWO
8923,時報,8923.TWO
8924,大田,8924.TWO
8927,北基,8927.TWO
8928,鉅明,8928.TWO
8929,富堡,8929.TWO
8930,青鋼,8930.TWO
8931,大汽電,8931.TWO
8932,智通*,8932.TWO
8933,愛地雅,8933.TWO
8935,邦泰,8935.TWO
8936,國統,8936.TWO
8937,合騏,8937.TWO
8938,明安,8938.TWO
8941,關中,8941.TWO
8942,森鉅,8942.TWO
9949,琉園,9949.TWO
9950,萬國通,9950.TWO
9951,皇田,9951.TWO
9960,邁達康,9960.TWO
9962,有益,9962.TWO
